{"accuracy": [1.0, 1.0, 1.0, 1.0, 1.0, 1.0, 1.0, 1.0, 1.0, 0.9861111044883728], "loss": [0.0016648848541080952, 0.0009919182630255818, 0.00039588738582096994, 0.00018737019854597747, 0.0002832168247550726, 0.0001656165113672614, 0.00013454630970954895, 3.8613383367192e-05, 4.20011710957624e-05, 0.06605938822031021], "val_accuracy": [0.4444444477558136, 0.5555555820465088, 0.6111111044883728, 0.6111111044883728, 0.5555555820465088, 0.5555555820465088, 0.5, 0.5, 0.5, 0.5555555820465088], "val_loss": [1.3633077144622803, 1.4911072254180908, 1.6449106931686401, 1.745719075202942, 1.9633712768554688, 2.2337472438812256, 2.5463833808898926, 2.80619215965271, 2.9668469429016113, 4.510680198669434]}